{
	"class_name" : "PinholeCameraParameters",
	"extrinsic" : 
	[
		0.93933439650012218,
		0.33008831118209359,
		-0.093234105201394205,
		0.0,
		-0.33635567730710653,
		0.93970237474105001,
		-0.061840967402758171,
		0.0,
		0.067199329572763658,
		0.089449168397390533,
		0.99372184054592794,
		0.0,
		-0.98039228018599722,
		-2.6201977495553468,
		124.80533732237285,
		1.0
	],
	"intrinsic" : 
	{
		"height" : 1506,
		"intrinsic_matrix" : 
		[
			1304.2342580993648,
			0.0,
			0.0,
			0.0,
			1304.2342580993648,
			0.0,
			1279.5,
			752.5,
			1.0
		],
		"width" : 2560
	},
	"version_major" : 1,
	"version_minor" : 0
}